phenocam_name,direction,threshold,date,original_transition_date,period,image_filename,snow_flag
archboldavir,rising,transition_10,2017-04-13,NA,growing,archboldavir_2017_04_13_115507.jpg,NA
archboldavir,rising,transition_10,2020-03-11,NA,growing,archboldavir_2020_03_11_115505.jpg,NA
archboldavir,rising,transition_25,2017-04-28,NA,growing,archboldavir_2017_04_28_115505.jpg,NA
archboldavir,rising,transition_50,2018-07-23,NA,peak,archboldavir_2018_07_23_115506.jpg,NA
archboldavir,rising,transition_50,2017-08-25,NA,peak,archboldavir_2017_08_25_115505.jpg,NA
archboldavir,rising,transition_50,2019-05-29,NA,peak,archboldavir_2019_05_29_115505.jpg,NA
archboldavir,falling,transition_10,2020-01-20,NA,senesced,archboldavir_2020_01_20_115506.jpg,NA
archboldavir,falling,transition_10,2019-11-25,NA,senesced,archboldavir_2019_11_25_115505.jpg,NA
archboldavir,falling,transition_10,2019-02-04,NA,senesced,archboldavir_2019_02_04_115505.jpg,NA
archboldavir,falling,transition_50,2019-10-30,NA,senescing,archboldavir_2019_10_30_115507.jpg,NA
archboldavir,falling,transition_25,2017-10-21,NA,senescing,archboldavir_2017_10_21_115505.jpg,NA
archboldavir,falling,transition_25,2019-11-14,TRUE,senescing,archboldavir_2019_11_14_115506.jpg,NA
archboldavirx,rising,transition_25,2019-04-24,NA,growing,archboldavirx_2019_04_24_120007.jpg,NA
archboldavirx,rising,transition_25,2016-06-02,NA,growing,archboldavirx_2016_06_02_120009.jpg,NA
archboldavirx,rising,transition_25,2019-04-10,NA,growing,archboldavirx_2019_04_10_120008.jpg,NA
archboldavirx,rising,transition_50,2019-07-05,NA,peak,archboldavirx_2019_07_05_120007.jpg,NA
archboldavirx,rising,transition_50,2017-08-20,NA,peak,archboldavirx_2017_08_20_120007.jpg,NA
archboldavirx,rising,transition_50,2017-08-24,NA,peak,archboldavirx_2017_08_24_120007.jpg,NA
archboldavirx,falling,transition_10,2017-12-13,NA,senesced,archboldavirx_2017_12_13_120008.jpg,NA
archboldavirx,falling,transition_10,2016-12-31,NA,senesced,archboldavirx_2016_12_31_120008.jpg,NA
archboldavirx,falling,transition_10,2019-01-26,NA,senesced,archboldavirx_2019_01_26_120009.jpg,NA
archboldavirx,falling,transition_25,2017-10-31,NA,senescing,archboldavirx_2017_10_31_120008.jpg,NA
archboldavirx,falling,transition_25,2018-11-21,NA,senescing,archboldavirx_2018_11_21_120007.jpg,NA
archboldavirx,falling,transition_50,2018-11-06,NA,senescing,archboldavirx_2018_11_06_120007.jpg,NA
archboldbahia,rising,transition_10,2017-05-29,NA,growing,archboldbahia_2017_05_29_120008.jpg,NA
archboldbahia,rising,transition_25,2018-04-24,NA,growing,archboldbahia_2018_04_24_124401.jpg,NA
archboldbahia,rising,transition_10,2020-04-16,TRUE,growing,archboldbahia_2020_04_16_122942.jpg,NA
archboldbahia,rising,transition_50,2019-03-18,NA,peak,archboldbahia_2019_03_18_113006.jpg,NA
archboldbahia,rising,transition_50,2018-08-31,NA,peak,archboldbahia_2018_08_31_124102.jpg,NA
archboldbahia,rising,transition_50,2019-04-07,NA,peak,archboldbahia_2019_04_07_123630.jpg,NA
archboldbahia,falling,transition_10,2018-02-14,NA,senesced,archboldbahia_2018_02_14_122109.jpg,NA
archboldbahia,falling,transition_10,2018-02-27,NA,senesced,archboldbahia_2018_02_27_124522.jpg,NA
archboldbahia,falling,transition_10,2018-03-02,NA,senesced,archboldbahia_2018_03_02_124517.jpg,NA
archboldbahia,falling,transition_50,2019-10-25,NA,senescing,archboldbahia_2019_10_25_115130.jpg,NA
archboldbahia,falling,transition_50,2019-09-25,NA,senescing,archboldbahia_2019_09_25_123314.jpg,NA
archboldbahia,falling,transition_50,2019-10-04,NA,senescing,archboldbahia_2019_10_04_115958.jpg,NA
archboldpnot,rising,transition_10,2019-02-26,NA,growing,archboldpnot_2019_02_26_113006.jpg,NA
archboldpnot,rising,transition_25,2017-02-19,NA,growing,archboldpnot_2017_02_19_120009.jpg,NA
archboldpnot,rising,transition_25,2018-03-23,NA,growing,archboldpnot_2018_03_23_120006.jpg,NA
archboldpnot,rising,transition_50,2018-06-01,NA,peak,archboldpnot_2018_06_01_120008.jpg,NA
archboldpnot,rising,transition_50,2018-10-05,NA,peak,archboldpnot_2018_10_05_120008.jpg,NA
archboldpnot,rising,transition_50,2018-09-02,NA,peak,archboldpnot_2018_09_02_120006.jpg,NA
archboldpnot,falling,transition_10,2017-01-25,NA,senesced,archboldpnot_2017_01_25_120007.jpg,NA
archboldpnot,falling,transition_10,2018-01-13,NA,senesced,archboldpnot_2018_01_13_113007.jpg,NA
archboldpnot,falling,transition_10,2016-12-01,NA,senesced,archboldpnot_2016_12_01_120006.jpg,NA
archboldpnot,falling,transition_50,2018-10-19,NA,senescing,archboldpnot_2018_10_19_120008.jpg,NA
archboldpnot,falling,transition_25,2018-11-30,NA,senescing,archboldpnot_2018_11_30_120008.jpg,NA
archboldpnot,falling,transition_25,2016-11-09,NA,senescing,archboldpnot_2016_11_09_120010.jpg,NA
archboldpnotx,rising,transition_25,2019-09-10,TRUE,growing,archboldpnotx_2019_09_10_120006.jpg,NA
archboldpnotx,rising,transition_25,2017-04-17,NA,growing,archboldpnotx_2017_04_17_120006.jpg,NA
archboldpnotx,rising,transition_25,2017-05-09,NA,growing,archboldpnotx_2017_05_09_150006.jpg,NA
archboldpnotx,rising,transition_50,2019-07-26,NA,peak,archboldpnotx_2019_07_26_113006.jpg,NA
archboldpnotx,rising,transition_50,2019-06-27,NA,peak,archboldpnotx_2019_06_27_120006.jpg,NA
archboldpnotx,rising,transition_50,2018-08-13,NA,peak,archboldpnotx_2018_08_13_120006.jpg,NA
archboldpnotx,falling,transition_10,2018-12-03,NA,senesced,archboldpnotx_2018_12_03_120008.jpg,NA
archboldpnotx,falling,transition_10,2017-02-19,NA,senesced,archboldpnotx_2017_02_19_120007.jpg,NA
archboldpnotx,falling,transition_10,2020-02-05,NA,senesced,archboldpnotx_2020_02_05_120007.jpg,NA
archboldpnotx,falling,transition_50,2018-11-03,NA,senescing,archboldpnotx_2018_11_03_120007.jpg,NA
archboldpnotx,falling,transition_50,2018-11-16,NA,senescing,archboldpnotx_2018_11_16_120008.jpg,NA
archboldpnotx,falling,transition_25,2016-11-01,NA,senescing,archboldpnotx_2016_11_01_130006.jpg,NA
armoklahoma,rising,transition_10,2009-02-06,NA,growing,armoklahoma_2009_02_06_095759.jpg,NA
armoklahoma,rising,transition_25,2008-05-20,NA,growing,armoklahoma_2008_05_20_095927.jpg,NA
armoklahoma,rising,transition_25,2009-10-22,NA,growing,armoklahoma_2009_10_22_095617.jpg,NA
armoklahoma,rising,transition_50,2013-12-03,NA,peak,armoklahoma_2013_12_03_122626.jpg,NA
armoklahoma,rising,transition_50,2005-07-19,NA,peak,armoklahoma_2005_07_19_105857.jpg,NA
armoklahoma,rising,transition_50,2006-08-06,NA,peak,armoklahoma_2006_08_06_095719.jpg,NA
armoklahoma,falling,transition_10,2003-08-13,NA,senesced,armoklahoma_2003_08_13_070402.jpg,NA
armoklahoma,falling,transition_10,2013-09-07,NA,senesced,armoklahoma_2013_09_07_122724.jpg,NA
armoklahoma,falling,transition_10,2003-05-29,NA,senesced,armoklahoma_2003_05_29_070441.jpg,NA
armoklahoma,falling,transition_25,2005-08-02,NA,senescing,armoklahoma_2005_08_02_105854.jpg,NA
armoklahoma,falling,transition_50,2008-07-27,NA,senescing,armoklahoma_2008_07_27_095848.jpg,NA
armoklahoma,falling,transition_50,2009-12-17,NA,senescing,armoklahoma_2009_12_17_095551.jpg,NA
arsgacp1,rising,transition_10,2017-12-01,TRUE,growing,arsgacp1_2017_12_01_120000.jpg,NA
arsgacp1,rising,transition_25,2016-08-30,TRUE,growing,arsgacp1_2016_08_30_120000.jpg,NA
arsgacp1,rising,transition_10,2018-06-08,NA,growing,arsgacp1_2018_06_08_120001.jpg,NA
arsgacp1,rising,transition_50,2017-08-18,NA,peak,arsgacp1_2017_08_18_120000.jpg,NA
arsgacp1,rising,transition_50,2017-08-29,NA,peak,arsgacp1_2017_08_29_120000.jpg,NA
arsgacp1,rising,transition_50,2017-06-15,TRUE,peak,arsgacp1_2017_06_15_120000.jpg,NA
arsgacp1,falling,transition_10,2017-11-27,NA,senesced,arsgacp1_2017_11_27_120000.jpg,NA
arsgacp1,falling,transition_10,2017-05-29,NA,senesced,arsgacp1_2017_05_29_120000.jpg,NA
arsgacp1,falling,transition_10,2017-01-06,NA,senesced,arsgacp1_2017_01_06_120000.jpg,NA
arsgacp1,falling,transition_50,2019-10-30,NA,senescing,arsgacp1_2019_10_30_120000.jpg,NA
arsgacp1,falling,transition_25,2018-10-20,TRUE,senescing,arsgacp1_2018_10_20_120000.jpg,NA
arsgacp1,falling,transition_50,2019-10-27,NA,senescing,arsgacp1_2019_10_27_120000.jpg,NA
arsltarmdcr,rising,transition_10,2019-06-03,NA,growing,arsltarmdcr_2019_06_03_115106.jpg,NA
arsltarmdcr,rising,transition_25,2017-10-29,NA,growing,arsltarmdcr_2017_10_29_115105.jpg,NA
arsltarmdcr,rising,transition_10,2019-06-02,NA,growing,arsltarmdcr_2019_06_02_115106.jpg,NA
arsltarmdcr,rising,transition_50,2017-07-02,NA,peak,arsltarmdcr_2017_07_02_115105.jpg,NA
arsltarmdcr,rising,transition_50,2017-06-22,NA,peak,arsltarmdcr_2017_06_22_115106.jpg,NA
arsltarmdcr,rising,transition_50,2017-07-05,NA,peak,arsltarmdcr_2017_07_05_115105.jpg,NA
arsltarmdcr,falling,transition_10,2018-11-30,NA,senesced,arsltarmdcr_2018_11_30_115106.jpg,NA
arsltarmdcr,falling,transition_10,2017-10-17,NA,senesced,arsltarmdcr_2017_10_17_115105.jpg,NA
arsltarmdcr,falling,transition_10,2019-01-16,NA,senesced,arsltarmdcr_2019_01_16_115106.jpg,NA
arsltarmdcr,falling,transition_50,2017-11-12,NA,senescing,arsltarmdcr_2017_11_12_115105.jpg,NA
arsltarmdcr,falling,transition_50,2018-09-25,NA,senescing,arsltarmdcr_2018_09_25_115106.jpg,NA
arsltarmdcr,falling,transition_50,2017-09-06,NA,senescing,arsltarmdcr_2017_09_06_115106.jpg,NA
arsmnswanlake1,rising,transition_10,2019-06-16,TRUE,growing,arsmnswanlake1_2019_06_16_120009.jpg,NA
arsmnswanlake1,rising,transition_25,2017-06-13,NA,growing,arsmnswanlake1_2017_06_13_120009.jpg,NA
arsmnswanlake1,rising,transition_10,2018-06-01,NA,growing,arsmnswanlake1_2018_06_01_120009.jpg,NA
arsmnswanlake1,rising,transition_50,2019-08-16,NA,peak,arsmnswanlake1_2019_08_16_120009.jpg,NA
arsmnswanlake1,rising,transition_50,2016-09-03,NA,peak,arsmnswanlake1_2016_09_03_120011.jpg,NA
arsmnswanlake1,rising,transition_50,2016-07-29,NA,peak,arsmnswanlake1_2016_07_29_120011.jpg,NA
arsmnswanlake1,falling,transition_10,2018-10-18,NA,senesced,arsmnswanlake1_2018_10_18_120009.jpg,NA
arsmnswanlake1,falling,transition_10,2018-03-11,NA,senesced,arsmnswanlake1_2018_03_11_120008.jpg,NA
arsmnswanlake1,falling,transition_10,2018-12-08,NA,senesced,arsmnswanlake1_2018_12_08_120008.jpg,NA
arsmnswanlake1,falling,transition_50,2018-09-06,TRUE,senescing,arsmnswanlake1_2018_09_06_120009.jpg,NA
arsmnswanlake1,falling,transition_25,2019-09-21,NA,senescing,arsmnswanlake1_2019_09_21_120009.jpg,NA
arsmnswanlake1,falling,transition_50,2019-09-17,NA,senescing,arsmnswanlake1_2019_09_17_120009.jpg,NA
arsmorris1,rising,transition_25,2019-07-15,NA,growing,arsmorris1_2019_07_15_120000.jpg,NA
arsmorris1,rising,transition_10,2019-06-25,TRUE,growing,arsmorris1_2019_06_25_120000.jpg,NA
arsmorris1,rising,transition_10,2019-06-27,NA,growing,arsmorris1_2019_06_27_120000.jpg,NA
arsmorris1,rising,transition_50,2019-08-04,NA,peak,arsmorris1_2019_08_04_120000.jpg,NA
arsmorris1,rising,transition_50,2018-07-15,NA,peak,arsmorris1_2018_07_15_120000.jpg,NA
arsmorris1,rising,transition_50,2019-09-26,NA,peak,arsmorris1_2019_09_26_120000.jpg,NA
arsmorris1,falling,transition_10,2017-10-21,NA,senesced,arsmorris1_2017_10_21_120000.jpg,NA
arsmorris1,falling,transition_10,2019-06-20,NA,senesced,arsmorris1_2019_06_20_120000.jpg,NA
arsmorris1,falling,transition_10,2018-10-10,NA,senesced,arsmorris1_2018_10_10_120000.jpg,NA
arsmorris1,falling,transition_50,2017-09-17,NA,senescing,arsmorris1_2017_09_17_120000.jpg,NA
arsmorris1,falling,transition_25,2018-09-14,NA,senescing,arsmorris1_2018_09_14_120000.jpg,NA
arsmorris1,falling,transition_50,2018-09-10,NA,senescing,arsmorris1_2018_09_10_120000.jpg,NA
arsmorris2,rising,transition_10,2019-07-23,NA,growing,arsmorris2_2019_07_23_120000.jpg,NA
arsmorris2,rising,transition_25,2018-05-26,NA,growing,arsmorris2_2018_05_26_120000.jpg,NA
arsmorris2,rising,transition_25,2018-05-24,NA,growing,arsmorris2_2018_05_24_120000.jpg,NA
arsmorris2,rising,transition_50,2018-10-25,NA,peak,arsmorris2_2018_10_25_120000.jpg,NA
arsmorris2,rising,transition_50,2018-06-15,NA,peak,arsmorris2_2018_06_15_120000.jpg,NA
arsmorris2,rising,transition_50,2018-07-05,NA,peak,arsmorris2_2018_07_05_120000.jpg,NA
arsmorris2,falling,transition_10,2019-05-09,NA,senesced,arsmorris2_2019_05_09_120000.jpg,NA
arsmorris2,falling,transition_10,2018-08-29,NA,senesced,arsmorris2_2018_08_29_113000.jpg,NA
arsmorris2,falling,transition_10,2018-04-30,NA,senesced,arsmorris2_2018_04_30_120000.jpg,NA
arsmorris2,falling,transition_25,2017-09-23,NA,senescing,arsmorris2_2017_09_23_120001.jpg,NA
arsmorris2,falling,transition_50,2018-07-20,NA,senescing,arsmorris2_2018_07_20_120000.jpg,NA
arsmorris2,falling,transition_50,2019-09-24,NA,senescing,arsmorris2_2019_09_24_120000.jpg,NA
arsope3ltar,rising,transition_25,2017-06-30,NA,growing,arsope3ltar_2017_06_30_115805.jpg,NA
arsope3ltar,rising,transition_25,2019-04-14,NA,growing,arsope3ltar_2019_04_14_115805.jpg,NA
arsope3ltar,rising,transition_25,2018-04-11,NA,growing,arsope3ltar_2018_04_11_115805.jpg,NA
arsope3ltar,rising,transition_50,2018-10-10,NA,peak,arsope3ltar_2018_10_10_115805.jpg,NA
arsope3ltar,rising,transition_50,2018-07-24,NA,peak,arsope3ltar_2018_07_24_115805.jpg,NA
arsope3ltar,rising,transition_50,2018-04-30,NA,peak,arsope3ltar_2018_04_30_115805.jpg,NA
arsope3ltar,falling,transition_10,2019-01-12,NA,senesced,arsope3ltar_2019_01_12_115805.jpg,NA
arsope3ltar,falling,transition_10,2019-10-31,NA,senesced,arsope3ltar_2019_10_31_115805.jpg,NA
arsope3ltar,falling,transition_10,2019-01-22,NA,senesced,arsope3ltar_2019_01_22_115805.jpg,NA
arsope3ltar,falling,transition_50,2017-09-17,NA,senescing,arsope3ltar_2017_09_17_115805.jpg,NA
arsope3ltar,falling,transition_50,2019-09-13,NA,senescing,arsope3ltar_2019_09_13_115805.jpg,NA
arsope3ltar,falling,transition_50,2020-05-10,TRUE,senescing,arsope3ltar_2020_05_10_115805.jpg,NA
borgocioffinorth,rising,transition_10,2017-08-12,NA,growing,borgocioffinorth_2017_08_12_125817.jpg,NA
borgocioffinorth,rising,transition_25,2019-11-26,NA,growing,borgocioffinorth_2019_11_26_120000.jpg,NA
borgocioffinorth,rising,transition_25,2019-11-24,NA,growing,borgocioffinorth_2019_11_24_120000.jpg,NA
borgocioffinorth,rising,transition_50,2018-04-02,NA,peak,borgocioffinorth_2018_04_02_120000.jpg,NA
borgocioffinorth,rising,transition_50,2019-01-26,NA,peak,borgocioffinorth_2019_01_26_120000.jpg,NA
borgocioffinorth,rising,transition_50,2017-09-26,NA,peak,borgocioffinorth_2017_09_26_140003.jpg,NA
borgocioffinorth,falling,transition_10,2018-07-12,NA,senesced,borgocioffinorth_2018_07_12_120000.jpg,NA
borgocioffinorth,falling,transition_10,2019-03-06,NA,senesced,borgocioffinorth_2019_03_06_120000.jpg,NA
borgocioffinorth,falling,transition_10,2018-10-23,NA,senesced,borgocioffinorth_2018_10_23_120000.jpg,NA
borgocioffinorth,falling,transition_50,2017-05-31,NA,senescing,borgocioffinorth_2017_05_31_140003.jpg,NA
borgocioffinorth,falling,transition_50,2017-06-03,NA,senescing,borgocioffinorth_2017_06_03_140001.jpg,NA
borgocioffinorth,falling,transition_25,2017-06-10,NA,senescing,borgocioffinorth_2017_06_10_132716.jpg,NA
borgocioffisouth,rising,transition_25,2018-06-30,NA,growing,borgocioffisouth_2018_06_30_120000.jpg,NA
borgocioffisouth,rising,transition_10,2017-11-01,NA,growing,borgocioffisouth_2017_11_01_140001.jpg,NA
borgocioffisouth,rising,transition_25,2017-11-03,NA,growing,borgocioffisouth_2017_11_03_140002.jpg,NA
borgocioffisouth,rising,transition_50,2017-11-26,NA,peak,borgocioffisouth_2017_11_26_140002.jpg,NA
borgocioffisouth,rising,transition_50,2018-12-18,NA,peak,borgocioffisouth_2018_12_18_120000.jpg,NA
borgocioffisouth,rising,transition_50,2018-07-19,NA,peak,borgocioffisouth_2018_07_19_120000.jpg,NA
borgocioffisouth,falling,transition_10,2019-08-15,NA,senesced,borgocioffisouth_2019_08_15_120000.jpg,NA
borgocioffisouth,falling,transition_10,2018-09-05,NA,senesced,borgocioffisouth_2018_09_05_120000.jpg,NA
borgocioffisouth,falling,transition_10,2019-07-09,NA,senesced,borgocioffisouth_2019_07_09_120000.jpg,NA
borgocioffisouth,falling,transition_25,2019-04-13,NA,senescing,borgocioffisouth_2019_04_13_120000.jpg,NA
borgocioffisouth,falling,transition_25,2019-04-01,NA,senescing,borgocioffisouth_2019_04_01_120000.jpg,NA
borgocioffisouth,falling,transition_50,2019-12-24,TRUE,senescing,borgocioffisouth_2019_12_24_120000.jpg,NA
bouldinalfalfa,rising,transition_25,2018-02-09,NA,growing,bouldinalfalfa_2018_02_09_114613.jpg,NA
bouldinalfalfa,rising,transition_25,2017-09-06,NA,growing,bouldinalfalfa_2017_09_06_114607.jpg,NA
bouldinalfalfa,rising,transition_25,2020-05-07,NA,growing,bouldinalfalfa_2020_05_07_114609.jpg,NA
bouldinalfalfa,rising,transition_50,2019-05-13,NA,peak,bouldinalfalfa_2019_05_13_114614.jpg,NA
bouldinalfalfa,rising,transition_50,2017-07-10,NA,peak,bouldinalfalfa_2017_07_10_114612.jpg,NA
bouldinalfalfa,rising,transition_50,2018-03-03,NA,peak,bouldinalfalfa_2018_03_03_114609.jpg,NA
bouldinalfalfa,falling,transition_10,2018-02-03,NA,senesced,bouldinalfalfa_2018_02_03_114612.jpg,NA
bouldinalfalfa,falling,transition_10,2018-09-15,TRUE,senesced,bouldinalfalfa_2018_09_15_114613.jpg,NA
bouldinalfalfa,falling,transition_10,2017-01-08,NA,senesced,bouldinalfalfa_2017_01_08_114609.jpg,NA
bouldinalfalfa,falling,transition_25,2018-06-24,TRUE,senescing,bouldinalfalfa_2018_06_24_114609.jpg,NA
bouldinalfalfa,falling,transition_50,2019-09-20,NA,senescing,bouldinalfalfa_2019_09_20_114610.jpg,NA
bouldinalfalfa,falling,transition_50,2019-07-24,NA,senescing,bouldinalfalfa_2019_07_24_114613.jpg,NA
bouldincorn,rising,transition_25,2018-06-16,NA,growing,bouldincorn_2018_06_16_114506.jpg,NA
bouldincorn,rising,transition_10,2018-06-11,NA,growing,bouldincorn_2018_06_11_114505.jpg,NA
bouldincorn,rising,transition_25,2019-06-13,TRUE,growing,bouldincorn_2019_06_13_114505.jpg,NA
bouldincorn,rising,transition_50,2019-08-15,NA,peak,bouldincorn_2019_08_15_114505.jpg,NA
bouldincorn,rising,transition_50,2018-07-17,NA,peak,bouldincorn_2018_07_17_114505.jpg,NA
bouldincorn,rising,transition_50,2019-09-06,NA,peak,bouldincorn_2019_09_06_114505.jpg,NA
bouldincorn,falling,transition_10,2018-01-12,NA,senesced,bouldincorn_2018_01_12_114505.jpg,NA
bouldincorn,falling,transition_10,2018-10-10,NA,senesced,bouldincorn_2018_10_10_114505.jpg,NA
bouldincorn,falling,transition_10,2019-02-26,NA,senesced,bouldincorn_2019_02_26_114506.jpg,NA
bouldincorn,falling,transition_50,2018-08-30,NA,senescing,bouldincorn_2018_08_30_114505.jpg,NA
bouldincorn,falling,transition_50,2017-09-09,NA,senescing,bouldincorn_2017_09_09_114505.jpg,NA
bouldincorn,falling,transition_25,2018-09-19,NA,senescing,bouldincorn_2018_09_19_114505.jpg,NA
burdettericea,rising,transition_10,2016-05-23,NA,growing,burdettericea_2016_05_23_114620.jpg,NA
burdettericea,rising,transition_25,2016-05-29,NA,growing,burdettericea_2016_05_29_114647.jpg,NA
burdettericea,rising,transition_10,2016-05-21,NA,growing,burdettericea_2016_05_21_114611.jpg,NA
burdettericea,rising,transition_50,2016-06-26,NA,peak,burdettericea_2016_06_26_114834.jpg,NA
burdettericea,rising,transition_50,2016-08-04,NA,peak,burdettericea_2016_08_04_115058.jpg,NA
burdettericea,rising,transition_50,2016-06-27,NA,peak,burdettericea_2016_06_27_114838.jpg,NA
burdettericea,falling,transition_10,2016-05-07,NA,senesced,burdettericea_2016_05_07_114503.jpg,NA
burdettericea,falling,transition_10,2017-03-30,NA,senesced,burdettericea_2017_03_30_113030.jpg,NA
burdettericea,falling,transition_10,2015-12-15,NA,senesced,burdettericea_2015_12_15_115336.jpg,NA
burdettericea,falling,transition_50,2015-08-19,NA,senescing,burdettericea_2015_08_19_120143.jpg,NA
burdettericea,falling,transition_50,2016-08-10,NA,senescing,burdettericea_2016_08_10_115239.jpg,NA
burdettericea,falling,transition_25,2015-08-31,NA,senescing,burdettericea_2015_08_31_120243.jpg,NA
cafboydnorthltar01,rising,transition_25,2019-04-16,NA,growing,cafboydnorthltar01_2019_04_16_115305.jpg,NA
cafboydnorthltar01,rising,transition_25,2019-04-10,TRUE,growing,cafboydnorthltar01_2019_04_10_115306.jpg,NA
cafboydnorthltar01,rising,transition_25,2018-06-07,NA,growing,cafboydnorthltar01_2018_06_07_115305.jpg,NA
cafboydnorthltar01,rising,transition_50,2018-04-22,NA,peak,cafboydnorthltar01_2018_04_22_115305.jpg,NA
cafboydnorthltar01,rising,transition_50,2018-07-16,NA,peak,cafboydnorthltar01_2018_07_16_115305.jpg,NA
cafboydnorthltar01,rising,transition_50,2018-06-29,NA,peak,cafboydnorthltar01_2018_06_29_115305.jpg,NA
cafboydnorthltar01,falling,transition_10,2019-03-22,NA,senesced,cafboydnorthltar01_2019_03_22_115305.jpg,NA
cafboydnorthltar01,falling,transition_10,2019-09-15,NA,senesced,cafboydnorthltar01_2019_09_15_115305.jpg,NA
cafboydnorthltar01,falling,transition_10,2018-11-20,NA,senesced,cafboydnorthltar01_2018_11_20_144839.jpg,NA
cafboydnorthltar01,falling,transition_50,2019-06-23,NA,senescing,cafboydnorthltar01_2019_06_23_115305.jpg,NA
cafboydnorthltar01,falling,transition_50,2018-08-05,NA,senescing,cafboydnorthltar01_2018_08_05_115305.jpg,NA
cafboydnorthltar01,falling,transition_50,2018-08-07,NA,senescing,cafboydnorthltar01_2018_08_07_115305.jpg,NA
cafcookeastltar01,rising,transition_25,2018-04-06,TRUE,growing,cafcookeastltar01_2018_04_06_120008.jpg,NA
cafcookeastltar01,rising,transition_25,2018-04-07,NA,growing,cafcookeastltar01_2018_04_07_120008.jpg,NA
cafcookeastltar01,rising,transition_10,2020-05-03,NA,growing,cafcookeastltar01_2020_05_03_120007.jpg,NA
cafcookeastltar01,rising,transition_50,2019-06-23,NA,peak,cafcookeastltar01_2019_06_23_120006.jpg,NA
cafcookeastltar01,rising,transition_50,2019-07-02,NA,peak,cafcookeastltar01_2019_07_02_120006.jpg,NA
cafcookeastltar01,rising,transition_50,2018-05-03,NA,peak,cafcookeastltar01_2018_05_03_120008.jpg,NA
cafcookeastltar01,falling,transition_10,2019-08-07,NA,senesced,cafcookeastltar01_2019_08_07_120006.jpg,NA
cafcookeastltar01,falling,transition_10,2019-10-13,NA,senesced,cafcookeastltar01_2019_10_13_120006.jpg,NA
cafcookeastltar01,falling,transition_10,2019-11-21,NA,senesced,cafcookeastltar01_2019_11_21_120006.jpg,NA
cafcookeastltar01,falling,transition_50,2017-07-21,NA,senescing,cafcookeastltar01_2017_07_21_120008.jpg,NA
cafcookeastltar01,falling,transition_50,2017-07-17,NA,senescing,cafcookeastltar01_2017_07_17_120008.jpg,NA
cafcookeastltar01,falling,transition_25,2017-07-26,NA,senescing,cafcookeastltar01_2017_07_26_120005.jpg,NA
cafcookwestltar01,rising,transition_25,2020-05-10,NA,growing,cafcookwestltar01_2020_05_10_115905.jpg,NA
cafcookwestltar01,rising,transition_25,2020-05-09,NA,growing,cafcookwestltar01_2020_05_09_115905.jpg,NA
cafcookwestltar01,rising,transition_10,2019-04-10,NA,growing,cafcookwestltar01_2019_04_10_115905.jpg,NA
cafcookwestltar01,rising,transition_50,2019-06-28,NA,peak,cafcookwestltar01_2019_06_28_115906.jpg,NA
cafcookwestltar01,rising,transition_50,2018-04-21,TRUE,peak,cafcookwestltar01_2018_04_21_115905.jpg,NA
cafcookwestltar01,rising,transition_50,2019-05-31,NA,peak,cafcookwestltar01_2019_05_31_115905.jpg,NA
cafcookwestltar01,falling,transition_10,2020-01-03,NA,senesced,cafcookwestltar01_2020_01_03_115905.jpg,NA
cafcookwestltar01,falling,transition_10,2017-12-08,NA,senesced,cafcookwestltar01_2017_12_08_115905.jpg,NA
cafcookwestltar01,falling,transition_10,2020-04-07,NA,senesced,cafcookwestltar01_2020_04_07_115905.jpg,NA
cafcookwestltar01,falling,transition_25,2019-07-23,NA,senescing,cafcookwestltar01_2019_07_23_115905.jpg,NA
cafcookwestltar01,falling,transition_25,2018-08-08,NA,senescing,cafcookwestltar01_2018_08_08_115905.jpg,NA
cafcookwestltar01,falling,transition_25,2017-07-30,NA,senescing,cafcookwestltar01_2017_07_30_115905.jpg,NA
goodwater,rising,transition_25,2019-07-08,NA,growing,goodwater_2019_07_08_120006.jpg,NA
goodwater,rising,transition_10,2017-06-13,TRUE,growing,goodwater_2017_06_13_120006.jpg,NA
goodwater,rising,transition_25,2018-04-05,NA,growing,goodwater_2018_04_05_120008.jpg,NA
goodwater,rising,transition_50,2018-09-26,NA,peak,goodwater_2018_09_26_120007.jpg,NA
goodwater,rising,transition_50,2017-03-17,NA,peak,goodwater_2017_03_17_120006.jpg,NA
goodwater,rising,transition_50,2017-05-11,NA,peak,goodwater_2017_05_11_120007.jpg,NA
goodwater,falling,transition_10,2017-09-25,NA,senesced,goodwater_2017_09_25_120007.jpg,NA
goodwater,falling,transition_10,2018-01-07,NA,senesced,goodwater_2018_01_07_120007.jpg,NA
goodwater,falling,transition_10,2019-01-14,NA,senesced,goodwater_2019_01_14_120005.jpg,NA
goodwater,falling,transition_50,2016-08-27,NA,senescing,goodwater_2016_08_27_120006.jpg,NA
goodwater,falling,transition_25,2018-10-27,NA,senescing,goodwater_2018_10_27_120007.jpg,NA
goodwater,falling,transition_25,2018-10-30,NA,senescing,goodwater_2018_10_30_120007.jpg,NA
harvardfarmnorth,rising,transition_10,2020-04-09,NA,growing,harvardfarmnorth_2020_04_09_120008.jpg,NA
harvardfarmnorth,rising,transition_25,2020-04-25,TRUE,growing,harvardfarmnorth_2020_04_25_120008.jpg,NA
harvardfarmnorth,rising,transition_10,2016-04-11,NA,growing,harvardfarmnorth_2016_04_11_120007.jpg,NA
harvardfarmnorth,rising,transition_50,2017-07-17,NA,peak,harvardfarmnorth_2017_07_17_120006.jpg,NA
harvardfarmnorth,rising,transition_50,2016-05-16,NA,peak,harvardfarmnorth_2016_05_16_120006.jpg,NA
harvardfarmnorth,rising,transition_50,2017-08-29,NA,peak,harvardfarmnorth_2017_08_29_120007.jpg,NA
harvardfarmnorth,falling,transition_10,2018-04-11,NA,senesced,harvardfarmnorth_2018_04_11_120008.jpg,NA
harvardfarmnorth,falling,transition_10,2018-11-26,NA,senesced,harvardfarmnorth_2018_11_26_120006.jpg,NA
harvardfarmnorth,falling,transition_10,2017-12-08,TRUE,senesced,harvardfarmnorth_2017_12_08_120007.jpg,NA
harvardfarmnorth,falling,transition_25,2016-11-16,NA,senescing,harvardfarmnorth_2016_11_16_120009.jpg,NA
harvardfarmnorth,falling,transition_25,2017-11-03,NA,senescing,harvardfarmnorth_2017_11_03_120007.jpg,NA
harvardfarmnorth,falling,transition_25,2017-11-17,NA,senescing,harvardfarmnorth_2017_11_17_120007.jpg,NA
harvardfarmsouth,rising,transition_25,2016-08-21,NA,growing,harvardfarmsouth_2016_08_21_120006.jpg,NA
harvardfarmsouth,rising,transition_25,2017-08-08,NA,growing,harvardfarmsouth_2017_08_08_120008.jpg,NA
harvardfarmsouth,rising,transition_10,2017-04-09,TRUE,growing,harvardfarmsouth_2017_04_09_120008.jpg,NA
harvardfarmsouth,rising,transition_50,2019-08-30,NA,peak,harvardfarmsouth_2019_08_30_120009.jpg,NA
harvardfarmsouth,rising,transition_50,2019-08-14,NA,peak,harvardfarmsouth_2019_08_14_120006.jpg,NA
harvardfarmsouth,rising,transition_50,2018-09-23,NA,peak,harvardfarmsouth_2018_09_23_120008.jpg,NA
harvardfarmsouth,falling,transition_10,2017-03-25,NA,senesced,harvardfarmsouth_2017_03_25_120008.jpg,NA
harvardfarmsouth,falling,transition_10,2017-07-27,NA,senesced,harvardfarmsouth_2017_07_27_120006.jpg,NA
harvardfarmsouth,falling,transition_10,2018-03-21,NA,senesced,harvardfarmsouth_2018_03_21_120008.jpg,NA
harvardfarmsouth,falling,transition_50,2017-11-28,NA,senescing,harvardfarmsouth_2017_11_28_120008.jpg,NA
harvardfarmsouth,falling,transition_50,2016-06-18,NA,senescing,harvardfarmsouth_2016_06_18_120006.jpg,NA
harvardfarmsouth,falling,transition_25,2016-11-21,NA,senescing,harvardfarmsouth_2016_11_21_120006.jpg,NA
harvardgarden,rising,transition_10,2019-04-26,NA,growing,harvardgarden_2019_04_26_115405.jpg,NA
harvardgarden,rising,transition_25,2017-05-11,NA,growing,harvardgarden_2017_05_11_115405.jpg,NA
harvardgarden,rising,transition_25,2017-05-20,NA,growing,harvardgarden_2017_05_20_112405.jpg,NA
harvardgarden,rising,transition_50,2019-06-13,NA,peak,harvardgarden_2019_06_13_122405.jpg,NA
harvardgarden,rising,transition_50,2019-07-29,NA,peak,harvardgarden_2019_07_29_115405.jpg,NA
harvardgarden,rising,transition_50,2019-06-15,NA,peak,harvardgarden_2019_06_15_115405.jpg,NA
harvardgarden,falling,transition_10,2019-02-24,NA,senesced,harvardgarden_2019_02_24_115406.jpg,NA
harvardgarden,falling,transition_10,2018-01-23,NA,senesced,harvardgarden_2018_01_23_115405.jpg,NA
harvardgarden,falling,transition_10,2017-03-02,NA,senesced,harvardgarden_2017_03_02_105406.jpg,NA
harvardgarden,falling,transition_25,2019-10-14,NA,senescing,harvardgarden_2019_10_14_115405.jpg,NA
harvardgarden,falling,transition_25,2018-11-10,NA,senescing,harvardgarden_2018_11_10_115405.jpg,NA
harvardgarden,falling,transition_50,2016-09-04,NA,senescing,harvardgarden_2016_09_04_135406.jpg,NA
hawbeckereddy,rising,transition_10,2016-06-09,TRUE,growing,hawbeckereddy_2016_06_09_120007.jpg,NA
hawbeckereddy,rising,transition_25,2016-03-26,TRUE,growing,hawbeckereddy_2016_03_26_120008.jpg,NA
hawbeckereddy,rising,transition_25,2016-06-12,NA,growing,hawbeckereddy_2016_06_12_120006.jpg,NA
hawbeckereddy,rising,transition_50,2016-05-13,NA,peak,hawbeckereddy_2016_05_13_120006.jpg,NA
hawbeckereddy,rising,transition_50,2016-05-21,NA,peak,hawbeckereddy_2016_05_21_120008.jpg,NA
hawbeckereddy,rising,transition_50,2017-07-30,NA,peak,hawbeckereddy_2017_07_30_120008.jpg,NA
hawbeckereddy,falling,transition_10,2016-06-04,NA,senesced,hawbeckereddy_2016_06_04_120006.jpg,NA
hawbeckereddy,falling,transition_10,2016-02-01,NA,senesced,hawbeckereddy_2016_02_01_120007.jpg,NA
hawbeckereddy,falling,transition_10,2018-03-01,NA,senesced,hawbeckereddy_2018_03_01_120008.jpg,NA
hawbeckereddy,falling,transition_50,2017-11-29,NA,senescing,hawbeckereddy_2017_11_29_120008.jpg,NA
hawbeckereddy,falling,transition_50,2017-12-08,NA,senescing,hawbeckereddy_2017_12_08_120008.jpg,NA
hawbeckereddy,falling,transition_50,2017-09-10,NA,senescing,hawbeckereddy_2017_09_10_120009.jpg,NA
humnokericea,rising,transition_25,2018-06-04,NA,growing,humnokericea_2018_06_04_120007.jpg,NA
humnokericea,rising,transition_25,2018-05-25,NA,growing,humnokericea_2018_05_25_120007.jpg,NA
humnokericea,rising,transition_10,2019-06-14,NA,growing,humnokericea_2019_06_14_120008.jpg,NA
humnokericea,rising,transition_50,2016-07-07,NA,peak,humnokericea_2016_07_07_120007.jpg,NA
humnokericea,rising,transition_50,2016-06-23,NA,peak,humnokericea_2016_06_23_120009.jpg,NA
humnokericea,rising,transition_50,2019-08-21,NA,peak,humnokericea_2019_08_21_120006.jpg,NA
humnokericea,falling,transition_10,2017-04-01,NA,senesced,humnokericea_2017_04_01_120018.jpg,NA
humnokericea,falling,transition_10,2018-10-24,NA,senesced,humnokericea_2018_10_24_113005.jpg,NA
humnokericea,falling,transition_10,2018-12-25,NA,senesced,humnokericea_2018_12_25_120007.jpg,NA
humnokericea,falling,transition_25,2017-08-27,NA,senescing,humnokericea_2017_08_27_120007.jpg,NA
humnokericea,falling,transition_25,2018-09-06,NA,senescing,humnokericea_2018_09_06_113006.jpg,NA
humnokericea,falling,transition_25,2019-09-06,NA,senescing,humnokericea_2019_09_06_120006.jpg,NA
humnokericec,rising,transition_10,2018-05-26,NA,growing,humnokericec_2018_05_26_120007.jpg,NA
humnokericec,rising,transition_10,2018-05-24,NA,growing,humnokericec_2018_05_24_120007.jpg,NA
humnokericec,rising,transition_10,2019-06-06,NA,growing,humnokericec_2019_06_06_120008.jpg,NA
humnokericec,rising,transition_50,2019-07-10,NA,peak,humnokericec_2019_07_10_120006.jpg,NA
humnokericec,rising,transition_50,2019-08-02,NA,peak,humnokericec_2019_08_02_120008.jpg,NA
humnokericec,rising,transition_50,2018-06-23,NA,peak,humnokericec_2018_06_23_120007.jpg,NA
humnokericec,falling,transition_10,2016-04-04,NA,senesced,humnokericec_2016_04_04_113006.jpg,NA
humnokericec,falling,transition_10,2016-12-17,NA,senesced,humnokericec_2016_12_17_120008.jpg,NA
humnokericec,falling,transition_10,2017-11-15,NA,senesced,humnokericec_2017_11_15_120007.jpg,NA
humnokericec,falling,transition_50,2015-08-07,NA,senescing,humnokericec_2015_08_07_120008.jpg,NA
humnokericec,falling,transition_25,2016-09-05,NA,senescing,humnokericec_2016_09_05_120008.jpg,NA
humnokericec,falling,transition_25,2017-08-24,NA,senescing,humnokericec_2017_08_24_120007.jpg,NA
jurong,rising,transition_25,2018-05-19,NA,growing,jurong_2018_05_19_115909.jpg,NA
jurong,rising,transition_10,2019-06-27,NA,growing,jurong_2019_06_27_120110.jpg,NA
jurong,rising,transition_10,2018-05-09,NA,growing,jurong_2018_05_09_121405.jpg,NA
jurong,rising,transition_50,2018-06-12,NA,peak,jurong_2018_06_12_115908.jpg,NA
jurong,rising,transition_50,2019-09-16,NA,peak,jurong_2019_09_16_120112.jpg,NA
jurong,rising,transition_50,2019-09-11,NA,peak,jurong_2019_09_11_120112.jpg,NA
jurong,falling,transition_10,2019-01-23,NA,senesced,jurong_2019_01_23_115905.jpg,NA
jurong,falling,transition_10,2018-02-03,NA,senesced,jurong_2018_02_03_115905.jpg,NA
jurong,falling,transition_10,2018-12-07,NA,senesced,jurong_2018_12_07_121405.jpg,NA
jurong,falling,transition_25,2018-10-21,NA,senescing,jurong_2018_10_21_115905.jpg,NA
jurong,falling,transition_25,2017-11-05,NA,senescing,jurong_2017_11_05_120406.jpg,NA
jurong,falling,transition_50,2017-10-29,NA,senescing,jurong_2017_10_29_120406.jpg,NA
kelloggcorn,rising,transition_10,2019-06-13,NA,growing,kelloggcorn_2019_06_13_110400.jpg,NA
kelloggcorn,rising,transition_25,2018-05-31,TRUE,growing,kelloggcorn_2018_05_31_110500.jpg,NA
kelloggcorn,rising,transition_25,2017-06-11,NA,growing,kelloggcorn_2017_06_11_110600.jpg,NA
kelloggcorn,rising,transition_50,2016-08-01,NA,peak,kelloggcorn_2016_08_01_110300.jpg,NA
kelloggcorn,rising,transition_50,2015-08-20,NA,peak,kelloggcorn_2015_08_20_110300.jpg,NA
kelloggcorn,rising,transition_50,2018-07-28,NA,peak,kelloggcorn_2018_07_28_110300.jpg,NA
kelloggcorn,falling,transition_10,2015-11-20,NA,senesced,kelloggcorn_2015_11_20_110300.jpg,NA
kelloggcorn,falling,transition_10,2014-11-16,NA,senesced,kelloggcorn_2014_11_16_110300.jpg,NA
kelloggcorn,falling,transition_10,2018-01-25,NA,senesced,kelloggcorn_2018_01_25_110400.jpg,NA
kelloggcorn,falling,transition_50,2016-09-12,NA,senescing,kelloggcorn_2016_09_12_110300.jpg,NA
kelloggcorn,falling,transition_25,2018-09-07,NA,senescing,kelloggcorn_2018_09_07_110500.jpg,NA
kelloggcorn,falling,transition_25,2018-09-10,NA,senescing,kelloggcorn_2018_09_10_110500.jpg,NA
kelloggcorn2,rising,transition_25,2016-06-11,NA,growing,kelloggcorn2_2016_06_11_120038.jpg,NA
kelloggcorn2,rising,transition_10,2016-06-07,NA,growing,kelloggcorn2_2016_06_07_120032.jpg,NA
kelloggcorn2,rising,transition_10,2016-06-04,NA,growing,kelloggcorn2_2016_06_04_120033.jpg,NA
kelloggcorn2,rising,transition_50,2016-08-11,NA,peak,kelloggcorn2_2016_08_11_121732.jpg,NA
kelloggcorn2,rising,transition_50,2018-09-03,NA,peak,kelloggcorn2_2018_09_03_120037.jpg,NA
kelloggcorn2,rising,transition_50,2016-07-08,NA,peak,kelloggcorn2_2016_07_08_120050.jpg,NA
kelloggcorn2,falling,transition_10,2018-01-13,NA,senesced,kelloggcorn2_2018_01_13_120040.jpg,NA
kelloggcorn2,falling,transition_10,2017-09-29,NA,senesced,kelloggcorn2_2017_09_29_120108.jpg,NA
kelloggcorn2,falling,transition_10,2016-05-19,NA,senesced,kelloggcorn2_2016_05_19_120030.jpg,NA
kelloggcorn2,falling,transition_50,2018-09-16,NA,senescing,kelloggcorn2_2018_09_16_120113.jpg,NA
kelloggcorn2,falling,transition_25,2018-09-20,NA,senescing,kelloggcorn2_2018_09_20_120052.jpg,NA
kelloggcorn2,falling,transition_50,2018-09-11,NA,senescing,kelloggcorn2_2018_09_11_120104.jpg,NA
kelloggcorn3,rising,transition_10,2017-03-28,NA,growing,kelloggcorn3_2017_03_28_120044.jpg,NA
kelloggcorn3,rising,transition_10,2019-07-02,NA,growing,kelloggcorn3_2019_07_02_130028.jpg,NA
kelloggcorn3,rising,transition_10,2016-04-14,NA,growing,kelloggcorn3_2016_04_14_120035.jpg,NA
kelloggcorn3,rising,transition_50,2016-07-28,NA,peak,kelloggcorn3_2016_07_28_120029.jpg,NA
kelloggcorn3,rising,transition_50,2016-08-17,NA,peak,kelloggcorn3_2016_08_17_120036.jpg,NA
kelloggcorn3,rising,transition_50,2019-08-01,NA,peak,kelloggcorn3_2019_08_01_120023.jpg,NA
kelloggcorn3,falling,transition_10,2019-06-12,NA,senesced,kelloggcorn3_2019_06_12_120034.jpg,NA
kelloggcorn3,falling,transition_10,2019-03-29,NA,senesced,kelloggcorn3_2019_03_29_120019.jpg,NA
kelloggcorn3,falling,transition_10,2019-04-02,NA,senesced,kelloggcorn3_2019_04_02_120017.jpg,NA
kelloggcorn3,falling,transition_25,2015-09-29,NA,senescing,kelloggcorn3_2015_09_29_120057.jpg,NA
kelloggcorn3,falling,transition_50,2015-09-25,NA,senescing,kelloggcorn3_2015_09_25_160038.jpg,NA
kelloggcorn3,falling,transition_50,2016-09-07,NA,senescing,kelloggcorn3_2016_09_07_120044.jpg,NA
kelloggcornsoy,rising,transition_10,2017-07-01,TRUE,growing,kelloggcornsoy_2017_07_01_120044.jpg,NA
kelloggcornsoy,rising,transition_25,2016-03-21,NA,growing,kelloggcornsoy_2016_03_21_090036.jpg,NA
kelloggcornsoy,rising,transition_25,2016-03-17,NA,growing,kelloggcornsoy_2016_03_17_120035.jpg,NA
kelloggcornsoy,rising,transition_50,2016-08-29,NA,peak,kelloggcornsoy_2016_08_29_120036.jpg,NA
kelloggcornsoy,rising,transition_50,2016-11-21,NA,peak,kelloggcornsoy_2016_11_21_120034.jpg,NA
kelloggcornsoy,rising,transition_50,2016-11-15,NA,peak,kelloggcornsoy_2016_11_15_120037.jpg,NA
kelloggcornsoy,falling,transition_10,2016-10-12,NA,senesced,kelloggcornsoy_2016_10_12_120039.jpg,NA
kelloggcornsoy,falling,transition_10,2017-02-25,NA,senesced,kelloggcornsoy_2017_02_25_120037.jpg,NA
kelloggcornsoy,falling,transition_10,2015-09-23,TRUE,senesced,kelloggcornsoy_2015_09_23_120051.jpg,NA
kelloggcornsoy,falling,transition_25,2017-06-01,TRUE,senescing,kelloggcornsoy_2017_06_01_120043.jpg,NA
kelloggcornsoy,falling,transition_25,2016-09-13,TRUE,senescing,kelloggcornsoy_2016_09_13_120040.jpg,NA
kelloggcornsoy,falling,transition_25,2015-09-20,TRUE,senescing,kelloggcornsoy_2015_09_20_120039.jpg,NA
kelloggcornsoy2,rising,transition_10,2018-04-29,NA,growing,kelloggcornsoy2_2018_04_29_120801.jpg,NA
kelloggcornsoy2,rising,transition_10,2020-03-13,NA,growing,kelloggcornsoy2_2020_03_13_120026.jpg,NA
kelloggcornsoy2,rising,transition_10,2016-03-18,NA,growing,kelloggcornsoy2_2016_03_18_170046.jpg,NA
kelloggcornsoy2,rising,transition_50,2017-07-10,NA,peak,kelloggcornsoy2_2017_07_10_120048.jpg,NA
kelloggcornsoy2,rising,transition_50,2018-05-26,NA,peak,kelloggcornsoy2_2018_05_26_120616.jpg,NA
kelloggcornsoy2,rising,transition_50,2017-08-12,NA,peak,kelloggcornsoy2_2017_08_12_120043.jpg,NA
kelloggcornsoy2,falling,transition_10,2017-11-06,NA,senesced,kelloggcornsoy2_2017_11_06_120109.jpg,NA
kelloggcornsoy2,falling,transition_10,2018-11-08,NA,senesced,kelloggcornsoy2_2018_11_08_120035.jpg,NA
kelloggcornsoy2,falling,transition_10,2016-11-11,NA,senesced,kelloggcornsoy2_2016_11_11_120035.jpg,NA
kelloggcornsoy2,falling,transition_25,2019-12-12,NA,senescing,kelloggcornsoy2_2019_12_12_120038.jpg,NA
kelloggcornsoy2,falling,transition_50,2015-09-17,NA,senescing,kelloggcornsoy2_2015_09_17_120055.jpg,NA
kelloggcornsoy2,falling,transition_50,2015-09-18,NA,senescing,kelloggcornsoy2_2015_09_18_120049.jpg,NA
kelloggmiscanthus,rising,transition_25,2017-05-14,TRUE,growing,kelloggmiscanthus_2017_05_14_122610.jpg,NA
kelloggmiscanthus,rising,transition_25,2017-05-16,NA,growing,kelloggmiscanthus_2017_05_16_130051.jpg,NA
kelloggmiscanthus,rising,transition_10,2018-05-10,NA,growing,kelloggmiscanthus_2018_05_10_121037.jpg,NA
kelloggmiscanthus,rising,transition_50,2016-06-06,NA,peak,kelloggmiscanthus_2016_06_06_120043.jpg,NA
kelloggmiscanthus,rising,transition_50,2017-07-12,NA,peak,kelloggmiscanthus_2017_07_12_120058.jpg,NA
kelloggmiscanthus,rising,transition_50,2017-05-30,NA,peak,kelloggmiscanthus_2017_05_30_120140.jpg,NA
kelloggmiscanthus,falling,transition_10,2015-11-23,NA,senesced,kelloggmiscanthus_2015_11_23_120051.jpg,NA
kelloggmiscanthus,falling,transition_10,2017-05-02,NA,senesced,kelloggmiscanthus_2017_05_02_120102.jpg,NA
kelloggmiscanthus,falling,transition_10,2015-10-08,NA,senesced,kelloggmiscanthus_2015_10_08_120055.jpg,NA
kelloggmiscanthus,falling,transition_25,2019-10-22,NA,senescing,kelloggmiscanthus_2019_10_22_120031.jpg,NA
kelloggmiscanthus,falling,transition_50,2019-08-16,NA,senescing,kelloggmiscanthus_2019_08_16_120032.jpg,NA
kelloggmiscanthus,falling,transition_25,2019-10-13,NA,senescing,kelloggmiscanthus_2019_10_13_120030.jpg,NA
kelloggoldfield,rising,transition_25,2020-04-24,NA,growing,kelloggoldfield_2020_04_24_120022.jpg,NA
kelloggoldfield,rising,transition_25,2018-05-02,NA,growing,kelloggoldfield_2018_05_02_080032.jpg,NA
kelloggoldfield,rising,transition_25,2018-04-25,NA,growing,kelloggoldfield_2018_04_25_111416.jpg,NA
kelloggoldfield,rising,transition_50,2016-08-06,NA,peak,kelloggoldfield_2016_08_06_121740.jpg,NA
kelloggoldfield,rising,transition_50,2017-09-04,NA,peak,kelloggoldfield_2017_09_04_120102.jpg,NA
kelloggoldfield,rising,transition_50,2019-09-07,NA,peak,kelloggoldfield_2019_09_07_120036.jpg,NA
kelloggoldfield,falling,transition_10,2020-02-22,NA,senesced,kelloggoldfield_2020_02_22_120026.jpg,NA
kelloggoldfield,falling,transition_10,2015-12-28,NA,senesced,kelloggoldfield_2015_12_28_120041.jpg,NA
kelloggoldfield,falling,transition_10,2017-11-04,NA,senesced,kelloggoldfield_2017_11_04_120047.jpg,NA
kelloggoldfield,falling,transition_50,2019-09-22,NA,senescing,kelloggoldfield_2019_09_22_120037.jpg,NA
kelloggoldfield,falling,transition_25,2016-10-11,TRUE,senescing,kelloggoldfield_2016_10_11_120037.jpg,NA
kelloggoldfield,falling,transition_50,2019-09-26,NA,senescing,kelloggoldfield_2019_09_26_120050.jpg,NA
kingmanfarm,rising,transition_25,2018-06-14,NA,growing,kingmanfarm_2018_06_14_121706.jpg,NA
kingmanfarm,rising,transition_25,2019-04-21,NA,growing,kingmanfarm_2019_04_21_121705.jpg,NA
kingmanfarm,rising,transition_10,2019-04-19,NA,growing,kingmanfarm_2019_04_19_121706.jpg,NA
kingmanfarm,rising,transition_50,2017-05-16,NA,peak,kingmanfarm_2017_05_16_114705.jpg,NA
kingmanfarm,rising,transition_50,2017-08-15,NA,peak,kingmanfarm_2017_08_15_121705.jpg,NA
kingmanfarm,rising,transition_50,2017-10-20,NA,peak,kingmanfarm_2017_10_20_121706.jpg,NA
kingmanfarm,falling,transition_10,2017-12-22,NA,senesced,kingmanfarm_2017_12_22_121705.jpg,NA
kingmanfarm,falling,transition_10,2017-01-19,NA,senesced,kingmanfarm_2017_01_19_121706.jpg,NA
kingmanfarm,falling,transition_10,2018-01-24,NA,senesced,kingmanfarm_2018_01_24_121705.jpg,NA
kingmanfarm,falling,transition_50,2016-11-18,NA,senescing,kingmanfarm_2016_11_18_121705.jpg,NA
kingmanfarm,falling,transition_25,2017-11-02,NA,senescing,kingmanfarm_2017_11_02_121706.jpg,NA
kingmanfarm,falling,transition_25,2016-12-04,TRUE,senescing,kingmanfarm_2016_12_04_111706.jpg,NA
mandanh5,rising,transition_25,2016-05-29,NA,growing,mandanh5_2016_05_29_120008.jpg,NA
mandanh5,rising,transition_25,2017-06-20,TRUE,growing,mandanh5_2017_06_20_120008.jpg,NA
mandanh5,rising,transition_25,2016-05-31,NA,growing,mandanh5_2016_05_31_120008.jpg,NA
mandanh5,rising,transition_50,2016-07-05,NA,peak,mandanh5_2016_07_05_120006.jpg,NA
mandanh5,rising,transition_50,2018-08-07,NA,peak,mandanh5_2018_08_07_120008.jpg,NA
mandanh5,rising,transition_50,2017-08-26,NA,peak,mandanh5_2017_08_26_120008.jpg,NA
mandanh5,falling,transition_10,2016-11-18,NA,senesced,mandanh5_2016_11_18_120008.jpg,NA
mandanh5,falling,transition_10,2018-09-23,NA,senesced,mandanh5_2018_09_23_120007.jpg,NA
mandanh5,falling,transition_10,2016-08-22,NA,senesced,mandanh5_2016_08_22_120009.jpg,NA
mandanh5,falling,transition_50,2017-09-28,NA,senescing,mandanh5_2017_09_28_120008.jpg,NA
mandanh5,falling,transition_25,2017-10-03,TRUE,senescing,mandanh5_2017_10_03_120007.jpg,NA
mandanh5,falling,transition_50,2018-09-08,NA,senescing,mandanh5_2018_09_08_120007.jpg,NA
mandani2,rising,transition_10,2017-06-24,NA,growing,mandani2_2017_06_24_115906.jpg,NA
mandani2,rising,transition_10,2016-05-23,NA,growing,mandani2_2016_05_23_120034.jpg,NA
mandani2,rising,transition_10,2019-05-29,NA,growing,mandani2_2019_05_29_121006.jpg,NA
mandani2,rising,transition_50,2018-08-03,NA,peak,mandani2_2018_08_03_115805.jpg,NA
mandani2,rising,transition_50,2018-08-02,NA,peak,mandani2_2018_08_02_115805.jpg,NA
mandani2,rising,transition_50,2016-06-20,NA,peak,mandani2_2016_06_20_120007.jpg,NA
mandani2,falling,transition_10,2017-10-18,NA,senesced,mandani2_2017_10_18_115705.jpg,NA
mandani2,falling,transition_10,2017-05-09,NA,senesced,mandani2_2017_05_09_115905.jpg,NA
mandani2,falling,transition_10,2017-12-07,NA,senesced,mandani2_2017_12_07_114505.jpg,NA
mandani2,falling,transition_50,2017-10-04,NA,senescing,mandani2_2017_10_04_115705.jpg,NA
mandani2,falling,transition_50,2016-07-30,NA,senescing,mandani2_2016_07_30_115905.jpg,NA
mandani2,falling,transition_50,2019-07-31,NA,senescing,mandani2_2019_07_31_121005.jpg,NA
manilacotton,rising,transition_10,2018-05-26,NA,growing,manilacotton_2018_05_26_121406.jpg,NA
manilacotton,rising,transition_10,2020-05-03,NA,growing,manilacotton_2020_05_03_121406.jpg,NA
manilacotton,rising,transition_10,2018-05-21,NA,growing,manilacotton_2018_05_21_121406.jpg,NA
manilacotton,rising,transition_50,2018-06-19,NA,peak,manilacotton_2018_06_19_121406.jpg,NA
manilacotton,rising,transition_50,2019-08-01,NA,peak,manilacotton_2019_08_01_121406.jpg,NA
manilacotton,rising,transition_50,2019-08-08,NA,peak,manilacotton_2019_08_08_121406.jpg,NA
manilacotton,falling,transition_10,2018-01-19,NA,senesced,manilacotton_2018_01_19_151405.jpg,NA
manilacotton,falling,transition_10,2020-02-17,NA,senesced,manilacotton_2020_02_17_121406.jpg,NA
manilacotton,falling,transition_10,2018-05-12,NA,senesced,manilacotton_2018_05_12_121406.jpg,NA
manilacotton,falling,transition_25,2016-09-28,NA,senescing,manilacotton_2016_09_28_121405.jpg,NA
manilacotton,falling,transition_50,2018-09-09,NA,senescing,manilacotton_2018_09_09_121406.jpg,NA
manilacotton,falling,transition_25,2017-10-09,NA,senescing,manilacotton_2017_10_09_121405.jpg,NA
mead1,rising,transition_25,2017-05-29,NA,growing,mead1_2017_05_29_114606.jpg,NA
mead1,rising,transition_10,2017-05-17,NA,growing,mead1_2017_05_17_114606.jpg,NA
mead1,rising,transition_10,2019-05-24,NA,growing,mead1_2019_05_24_114605.jpg,NA
mead1,rising,transition_50,2017-07-25,NA,peak,mead1_2017_07_25_114605.jpg,NA
mead1,rising,transition_50,2019-06-06,NA,peak,mead1_2019_06_06_114606.jpg,NA
mead1,rising,transition_50,2017-07-07,NA,peak,mead1_2017_07_07_114607.jpg,NA
mead1,falling,transition_10,2018-12-09,NA,senesced,mead1_2018_12_09_114606.jpg,NA
mead1,falling,transition_10,2018-04-14,NA,senesced,mead1_2018_04_14_114605.jpg,NA
mead1,falling,transition_10,2017-12-19,NA,senesced,mead1_2017_12_19_114606.jpg,NA
mead1,falling,transition_25,2017-09-15,NA,senescing,mead1_2017_09_15_114607.jpg,NA
mead1,falling,transition_25,2019-09-22,TRUE,senescing,mead1_2019_09_22_114607.jpg,NA
mead1,falling,transition_50,2019-09-13,NA,senescing,mead1_2019_09_13_114606.jpg,NA
mead2,rising,transition_25,2018-06-09,NA,growing,mead2_2018_06_09_121305.jpg,NA
mead2,rising,transition_10,2019-05-30,NA,growing,mead2_2019_05_30_121305.jpg,NA
mead2,rising,transition_25,2018-06-06,TRUE,growing,mead2_2018_06_06_121305.jpg,NA
mead2,rising,transition_50,2017-08-16,NA,peak,mead2_2017_08_16_121305.jpg,NA
mead2,rising,transition_50,2017-06-11,NA,peak,mead2_2017_06_11_120606.jpg,NA
mead2,rising,transition_50,2017-08-22,NA,peak,mead2_2017_08_22_121305.jpg,NA
mead2,falling,transition_10,2017-02-23,NA,senesced,mead2_2017_02_23_120605.jpg,NA
mead2,falling,transition_10,2017-05-19,NA,senesced,mead2_2017_05_19_120605.jpg,NA
mead2,falling,transition_10,2017-03-27,NA,senesced,mead2_2017_03_27_120605.jpg,NA
mead2,falling,transition_25,2018-10-02,NA,senescing,mead2_2018_10_02_121305.jpg,NA
mead2,falling,transition_50,2019-09-11,NA,senescing,mead2_2019_09_11_121305.jpg,NA
mead2,falling,transition_50,2019-09-10,NA,senescing,mead2_2019_09_10_121305.jpg,NA
mead3,rising,transition_25,2017-06-07,NA,growing,mead3_2017_06_07_115806.jpg,NA
mead3,rising,transition_25,2018-06-08,NA,growing,mead3_2018_06_08_115805.jpg,NA
mead3,rising,transition_25,2019-06-07,NA,growing,mead3_2019_06_07_115805.jpg,NA
mead3,rising,transition_50,2019-09-03,NA,peak,mead3_2019_09_03_115805.jpg,NA
mead3,rising,transition_50,2018-07-27,NA,peak,mead3_2018_07_27_115806.jpg,NA
mead3,rising,transition_50,2019-06-23,NA,peak,mead3_2019_06_23_115805.jpg,NA
mead3,falling,transition_10,2016-12-30,NA,senesced,mead3_2016_12_30_115805.jpg,NA
mead3,falling,transition_10,2019-02-12,NA,senesced,mead3_2019_02_12_115805.jpg,NA
mead3,falling,transition_10,2018-05-16,NA,senesced,mead3_2018_05_16_115805.jpg,NA
mead3,falling,transition_50,2018-09-30,NA,senescing,mead3_2018_09_30_115805.jpg,NA
mead3,falling,transition_25,2019-09-19,NA,senescing,mead3_2019_09_19_092805.jpg,NA
mead3,falling,transition_25,2018-10-01,TRUE,senescing,mead3_2018_10_01_115805.jpg,NA
meadpasture,rising,transition_25,2018-04-19,TRUE,growing,meadpasture_2018_04_19_120008.jpg,NA
meadpasture,rising,transition_10,2017-03-24,NA,growing,meadpasture_2017_03_24_120006.jpg,NA
meadpasture,rising,transition_25,2020-04-17,NA,growing,meadpasture_2020_04_17_120007.jpg,NA
meadpasture,rising,transition_50,2017-08-09,NA,peak,meadpasture_2017_08_09_120007.jpg,NA
meadpasture,rising,transition_50,2017-10-09,NA,peak,meadpasture_2017_10_09_120007.jpg,NA
meadpasture,rising,transition_50,2019-06-03,NA,peak,meadpasture_2019_06_03_120008.jpg,NA
meadpasture,falling,transition_10,2019-01-22,NA,senesced,meadpasture_2019_01_22_120008.jpg,NA
meadpasture,falling,transition_10,2019-01-16,NA,senesced,meadpasture_2019_01_16_120007.jpg,NA
meadpasture,falling,transition_10,2020-02-28,NA,senesced,meadpasture_2020_02_28_120006.jpg,NA
meadpasture,falling,transition_50,2017-11-12,NA,senescing,meadpasture_2017_11_12_120007.jpg,NA
meadpasture,falling,transition_25,2016-11-24,NA,senescing,meadpasture_2016_11_24_120008.jpg,NA
meadpasture,falling,transition_25,2017-11-18,NA,senescing,meadpasture_2017_11_18_120007.jpg,NA
moorefields,rising,transition_10,2017-08-18,TRUE,growing,moorefields_2017_08_18_121507.jpg,NA
moorefields,rising,transition_10,2018-04-02,NA,growing,moorefields_2018_04_02_121507.jpg,NA
moorefields,rising,transition_25,2018-04-11,TRUE,growing,moorefields_2018_04_11_121506.jpg,NA
moorefields,rising,transition_50,2017-10-22,NA,peak,moorefields_2017_10_22_121506.jpg,NA
moorefields,rising,transition_50,2017-11-17,NA,peak,moorefields_2017_11_17_121506.jpg,NA
moorefields,rising,transition_50,2016-11-19,NA,peak,moorefields_2016_11_19_121506.jpg,NA
moorefields,falling,transition_10,2016-12-29,NA,senesced,moorefields_2016_12_29_121506.jpg,NA
moorefields,falling,transition_10,2018-03-24,NA,senesced,moorefields_2018_03_24_121507.jpg,NA
moorefields,falling,transition_10,2017-01-02,NA,senesced,moorefields_2017_01_02_121506.jpg,NA
moorefields,falling,transition_50,2016-09-09,NA,senescing,moorefields_2016_09_09_121506.jpg,NA
moorefields,falling,transition_50,2018-01-17,NA,senescing,moorefields_2018_01_17_121506.jpg,NA
moorefields,falling,transition_25,2016-09-12,NA,senescing,moorefields_2016_09_12_121506.jpg,NA
NEON.D04.LAJA.DP1.00033,rising,transition_25,2019-01-18,NA,growing,NEON.D04.LAJA.DP1.00033_2019_01_18_120005.jpg,NA
NEON.D04.LAJA.DP1.00033,rising,transition_25,2018-08-17,NA,growing,NEON.D04.LAJA.DP1.00033_2018_08_17_120007.jpg,NA
NEON.D04.LAJA.DP1.00033,rising,transition_10,2017-03-31,NA,growing,NEON.D04.LAJA.DP1.00033_2017_03_31_120006.jpg,NA
NEON.D04.LAJA.DP1.00033,rising,transition_50,2018-07-09,NA,peak,NEON.D04.LAJA.DP1.00033_2018_07_09_120007.jpg,NA
NEON.D04.LAJA.DP1.00033,rising,transition_50,2017-09-03,NA,peak,NEON.D04.LAJA.DP1.00033_2017_09_03_120006.jpg,NA
NEON.D04.LAJA.DP1.00033,rising,transition_50,2018-03-29,NA,peak,NEON.D04.LAJA.DP1.00033_2018_03_29_120006.jpg,NA
NEON.D04.LAJA.DP1.00033,falling,transition_10,2018-12-28,NA,senesced,NEON.D04.LAJA.DP1.00033_2018_12_28_120006.jpg,NA
NEON.D04.LAJA.DP1.00033,falling,transition_10,2019-11-12,NA,senesced,NEON.D04.LAJA.DP1.00033_2019_11_12_120006.jpg,NA
NEON.D04.LAJA.DP1.00033,falling,transition_10,2019-11-17,NA,senesced,NEON.D04.LAJA.DP1.00033_2019_11_17_120005.jpg,NA
NEON.D04.LAJA.DP1.00033,falling,transition_50,2017-06-17,TRUE,senescing,NEON.D04.LAJA.DP1.00033_2017_06_17_120006.jpg,NA
NEON.D04.LAJA.DP1.00033,falling,transition_50,2018-12-05,NA,senescing,NEON.D04.LAJA.DP1.00033_2018_12_05_120006.jpg,NA
NEON.D04.LAJA.DP1.00033,falling,transition_25,2017-02-03,NA,senescing,NEON.D04.LAJA.DP1.00033_2017_02_03_120005.jpg,NA
NEON.D06.KONA.DP1.00033,rising,transition_10,2017-02-16,NA,growing,NEON.D06.KONA.DP1.00033_2017_02_16_120005.jpg,NA
NEON.D06.KONA.DP1.00033,rising,transition_10,2017-02-15,NA,growing,NEON.D06.KONA.DP1.00033_2017_02_15_120005.jpg,NA
NEON.D06.KONA.DP1.00033,rising,transition_10,2019-05-28,NA,growing,NEON.D06.KONA.DP1.00033_2019_05_28_103005.jpg,NA
NEON.D06.KONA.DP1.00033,rising,transition_50,2017-06-21,NA,peak,NEON.D06.KONA.DP1.00033_2017_06_21_120006.jpg,NA
NEON.D06.KONA.DP1.00033,rising,transition_50,2018-07-05,NA,peak,NEON.D06.KONA.DP1.00033_2018_07_05_120005.jpg,NA
NEON.D06.KONA.DP1.00033,rising,transition_50,2018-06-27,NA,peak,NEON.D06.KONA.DP1.00033_2018_06_27_120006.jpg,NA
NEON.D06.KONA.DP1.00033,falling,transition_10,2018-12-16,NA,senesced,NEON.D06.KONA.DP1.00033_2018_12_16_120005.jpg,NA
NEON.D06.KONA.DP1.00033,falling,transition_10,2020-02-19,NA,senesced,NEON.D06.KONA.DP1.00033_2020_02_19_120005.jpg,NA
NEON.D06.KONA.DP1.00033,falling,transition_10,2019-11-01,NA,senesced,NEON.D06.KONA.DP1.00033_2019_11_01_120006.jpg,NA
NEON.D06.KONA.DP1.00033,falling,transition_50,2016-10-05,NA,senescing,NEON.D06.KONA.DP1.00033_2016_10_05_114505.jpg,NA
NEON.D06.KONA.DP1.00033,falling,transition_50,2018-08-21,NA,senescing,NEON.D06.KONA.DP1.00033_2018_08_21_120005.jpg,NA
NEON.D06.KONA.DP1.00033,falling,transition_50,2016-06-08,NA,senescing,NEON.D06.KONA.DP1.00033_2016_06_08_120005.jpg,NA
NEON.D06.KONA.DP1.00042,rising,transition_25,2017-03-06,NA,growing,NEON.D06.KONA.DP1.00042_2017_03_06_120006.jpg,NA
NEON.D06.KONA.DP1.00042,rising,transition_25,2020-03-17,NA,growing,NEON.D06.KONA.DP1.00042_2020_03_17_120006.jpg,NA
NEON.D06.KONA.DP1.00042,rising,transition_10,2018-05-12,NA,growing,NEON.D06.KONA.DP1.00042_2018_05_12_120006.jpg,NA
NEON.D06.KONA.DP1.00042,rising,transition_50,2018-06-29,NA,peak,NEON.D06.KONA.DP1.00042_2018_06_29_120005.jpg,NA
NEON.D06.KONA.DP1.00042,rising,transition_50,2017-05-30,NA,peak,NEON.D06.KONA.DP1.00042_2017_05_30_120006.jpg,NA
NEON.D06.KONA.DP1.00042,rising,transition_50,2018-08-19,NA,peak,NEON.D06.KONA.DP1.00042_2018_08_19_120005.jpg,NA
NEON.D06.KONA.DP1.00042,falling,transition_10,2019-10-24,NA,senesced,NEON.D06.KONA.DP1.00042_2019_10_24_120006.jpg,NA
NEON.D06.KONA.DP1.00042,falling,transition_10,2019-10-28,NA,senesced,NEON.D06.KONA.DP1.00042_2019_10_28_120006.jpg,NA
NEON.D06.KONA.DP1.00042,falling,transition_10,2020-01-06,NA,senesced,NEON.D06.KONA.DP1.00042_2020_01_06_120005.jpg,NA
NEON.D06.KONA.DP1.00042,falling,transition_25,2017-06-06,TRUE,senescing,NEON.D06.KONA.DP1.00042_2017_06_06_120006.jpg,NA
NEON.D06.KONA.DP1.00042,falling,transition_50,2017-06-04,NA,senescing,NEON.D06.KONA.DP1.00042_2017_06_04_120006.jpg,NA
NEON.D06.KONA.DP1.00042,falling,transition_50,2017-06-05,NA,senescing,NEON.D06.KONA.DP1.00042_2017_06_05_120006.jpg,NA
NEON.D10.STER.DP1.00033,rising,transition_25,2019-04-28,NA,growing,NEON.D10.STER.DP1.00033_2019_04_28_120006.jpg,NA
NEON.D10.STER.DP1.00033,rising,transition_10,2019-04-07,NA,growing,NEON.D10.STER.DP1.00033_2019_04_07_120006.jpg,NA
NEON.D10.STER.DP1.00033,rising,transition_25,2017-07-06,NA,growing,NEON.D10.STER.DP1.00033_2017_07_06_120005.jpg,NA
NEON.D10.STER.DP1.00033,rising,transition_50,2018-05-30,NA,peak,NEON.D10.STER.DP1.00033_2018_05_30_120005.jpg,NA
NEON.D10.STER.DP1.00033,rising,transition_50,2019-05-13,NA,peak,NEON.D10.STER.DP1.00033_2019_05_13_120006.jpg,NA
NEON.D10.STER.DP1.00033,rising,transition_50,2017-08-25,NA,peak,NEON.D10.STER.DP1.00033_2017_08_25_120006.jpg,NA
NEON.D10.STER.DP1.00033,falling,transition_10,2018-01-04,NA,senesced,NEON.D10.STER.DP1.00033_2018_01_04_120006.jpg,NA
NEON.D10.STER.DP1.00033,falling,transition_10,2019-02-10,NA,senesced,NEON.D10.STER.DP1.00033_2019_02_10_120006.jpg,NA
NEON.D10.STER.DP1.00033,falling,transition_10,2018-06-22,NA,senesced,NEON.D10.STER.DP1.00033_2018_06_22_120006.jpg,NA
NEON.D10.STER.DP1.00033,falling,transition_25,2019-09-10,NA,senescing,NEON.D10.STER.DP1.00033_2019_09_10_120005.jpg,NA
NEON.D10.STER.DP1.00033,falling,transition_25,2019-09-07,NA,senescing,NEON.D10.STER.DP1.00033_2019_09_07_120006.jpg,NA
NEON.D10.STER.DP1.00033,falling,transition_25,2017-09-13,TRUE,senescing,NEON.D10.STER.DP1.00033_2017_09_13_120006.jpg,NA
rosemountcons,rising,transition_25,2017-09-22,NA,growing,rosemountcons_2017_09_22_120000.jpg,NA
rosemountcons,rising,transition_25,2017-05-13,NA,growing,rosemountcons_2017_05_13_120000.jpg,NA
rosemountcons,rising,transition_10,2018-05-30,NA,growing,rosemountcons_2018_05_30_120001.jpg,NA
rosemountcons,rising,transition_50,2019-09-25,NA,peak,rosemountcons_2019_09_25_120000.jpg,NA
rosemountcons,rising,transition_50,2019-10-09,NA,peak,rosemountcons_2019_10_09_123000.jpg,NA
rosemountcons,rising,transition_50,2019-08-10,NA,peak,rosemountcons_2019_08_10_120000.jpg,NA
rosemountcons,falling,transition_10,2019-02-28,NA,senesced,rosemountcons_2019_02_28_120000.jpg,NA
rosemountcons,falling,transition_10,2018-05-14,NA,senesced,rosemountcons_2018_05_14_120000.jpg,NA
rosemountcons,falling,transition_10,2018-03-29,NA,senesced,rosemountcons_2018_03_29_120000.jpg,NA
rosemountcons,falling,transition_25,2018-10-27,NA,senescing,rosemountcons_2018_10_27_120000.jpg,NA
rosemountcons,falling,transition_25,2018-11-06,NA,senescing,rosemountcons_2018_11_06_120000.jpg,NA
rosemountcons,falling,transition_50,2018-10-12,TRUE,senescing,rosemountcons_2018_10_12_120000.jpg,NA
rosemountconv,rising,transition_10,2019-06-20,NA,growing,rosemountconv_2019_06_20_120000.jpg,NA
rosemountconv,rising,transition_25,2019-06-25,NA,growing,rosemountconv_2019_06_25_120000.jpg,NA
rosemountconv,rising,transition_10,2019-06-22,NA,growing,rosemountconv_2019_06_22_120000.jpg,NA
rosemountconv,rising,transition_50,2018-08-05,NA,peak,rosemountconv_2018_08_05_120000.jpg,NA
rosemountconv,rising,transition_50,2017-07-22,NA,peak,rosemountconv_2017_07_22_120000.jpg,NA
rosemountconv,rising,transition_50,2019-07-21,NA,peak,rosemountconv_2019_07_21_120000.jpg,NA
rosemountconv,falling,transition_10,2018-11-26,NA,senesced,rosemountconv_2018_11_26_120000.jpg,NA
rosemountconv,falling,transition_10,2019-02-02,NA,senesced,rosemountconv_2019_02_02_120000.jpg,NA
rosemountconv,falling,transition_10,2018-11-16,NA,senesced,rosemountconv_2018_11_16_120000.jpg,NA
rosemountconv,falling,transition_25,2019-09-24,NA,senescing,rosemountconv_2019_09_24_120000.jpg,NA
rosemountconv,falling,transition_50,2018-09-21,TRUE,senescing,rosemountconv_2018_09_21_120001.jpg,NA
rosemountconv,falling,transition_50,2019-09-21,NA,senescing,rosemountconv_2019_09_21_120000.jpg,NA
rosemountnprs,rising,transition_10,2019-03-02,NA,growing,rosemountnprs_2019_03_02_120001.jpg,NA
rosemountnprs,rising,transition_25,2016-06-02,NA,growing,rosemountnprs_2016_06_02_120000.jpg,NA
rosemountnprs,rising,transition_10,2019-02-27,NA,growing,rosemountnprs_2019_02_27_120000.jpg,NA
rosemountnprs,rising,transition_50,2019-06-18,NA,peak,rosemountnprs_2019_06_18_120000.jpg,NA
rosemountnprs,rising,transition_50,2018-05-27,TRUE,peak,rosemountnprs_2018_05_27_120000.jpg,NA
rosemountnprs,rising,transition_50,2019-06-07,TRUE,peak,rosemountnprs_2019_06_07_120000.jpg,NA
rosemountnprs,falling,transition_10,2019-01-18,NA,senesced,rosemountnprs_2019_01_18_120000.jpg,NA
rosemountnprs,falling,transition_10,2017-03-17,NA,senesced,rosemountnprs_2017_03_17_120000.jpg,NA
rosemountnprs,falling,transition_10,2017-12-01,NA,senesced,rosemountnprs_2017_12_01_120000.jpg,NA
rosemountnprs,falling,transition_50,2018-08-19,NA,senescing,rosemountnprs_2018_08_19_120000.jpg,NA
rosemountnprs,falling,transition_25,2018-08-30,NA,senescing,rosemountnprs_2018_08_30_120000.jpg,NA
rosemountnprs,falling,transition_25,2019-09-28,NA,senescing,rosemountnprs_2019_09_28_120000.jpg,NA
silverton,rising,transition_25,2015-09-30,NA,growing,silverton_2015_09_30_120111.jpg,NA
silverton,rising,transition_25,2015-09-21,NA,growing,silverton_2015_09_21_120110.jpg,NA
silverton,rising,transition_10,2013-10-19,NA,growing,silverton_2013_10_19_120116.jpg,NA
silverton,rising,transition_50,2020-01-19,NA,peak,silverton_2020_01_19_120113.jpg,NA
silverton,rising,transition_50,2016-01-03,NA,peak,silverton_2016_01_03_120111.jpg,NA
silverton,rising,transition_50,2016-04-01,NA,peak,silverton_2016_04_01_120110.jpg,NA
silverton,falling,transition_10,2014-09-06,NA,senesced,silverton_2014_09_06_120111.jpg,NA
silverton,falling,transition_10,2018-07-15,NA,senesced,silverton_2018_07_15_120114.jpg,NA
silverton,falling,transition_10,2016-08-19,NA,senesced,silverton_2016_08_19_120113.jpg,NA
silverton,falling,transition_25,2014-01-20,NA,senescing,silverton_2014_01_20_120109.jpg,NA
silverton,falling,transition_50,2014-01-07,NA,senescing,silverton_2014_01_07_120111.jpg,NA
silverton,falling,transition_50,2018-07-07,NA,senescing,silverton_2018_07_07_120116.jpg,NA
southerngreatplains,rising,transition_25,2016-02-22,NA,growing,southerngreatplains_2016_02_22_113107.jpg,NA
southerngreatplains,rising,transition_25,2013-03-23,NA,growing,southerngreatplains_2013_03_23_120923.jpg,NA
southerngreatplains,rising,transition_10,2019-03-14,NA,growing,southerngreatplains_2019_03_14_120120.jpg,NA
southerngreatplains,rising,transition_50,2014-04-02,NA,peak,southerngreatplains_2014_04_02_120104.jpg,NA
southerngreatplains,rising,transition_50,2016-08-25,NA,peak,southerngreatplains_2016_08_25_120105.jpg,NA
southerngreatplains,rising,transition_50,2018-06-07,NA,peak,southerngreatplains_2018_06_07_120106.jpg,NA
southerngreatplains,falling,transition_10,2019-01-17,NA,senesced,southerngreatplains_2019_01_17_120116.jpg,NA
southerngreatplains,falling,transition_10,2014-07-10,NA,senesced,southerngreatplains_2014_07_10_120119.jpg,NA
southerngreatplains,falling,transition_10,2018-03-06,NA,senesced,southerngreatplains_2018_03_06_120108.jpg,NA
southerngreatplains,falling,transition_50,2017-09-10,NA,senescing,southerngreatplains_2017_09_10_120107.jpg,NA
southerngreatplains,falling,transition_50,2014-05-13,NA,senescing,southerngreatplains_2014_05_13_120107.jpg,NA
southerngreatplains,falling,transition_25,2018-12-09,NA,senescing,southerngreatplains_2018_12_09_120106.jpg,NA
sweetbriargrass,rising,transition_25,2017-03-24,NA,growing,sweetbriargrass_2017_03_24_120007.jpg,NA
sweetbriargrass,rising,transition_25,2020-04-25,NA,growing,sweetbriargrass_2020_04_25_120007.jpg,NA
sweetbriargrass,rising,transition_25,2018-04-18,NA,growing,sweetbriargrass_2018_04_18_120007.jpg,NA
sweetbriargrass,rising,transition_50,2017-04-15,NA,peak,sweetbriargrass_2017_04_15_120006.jpg,NA
sweetbriargrass,rising,transition_50,2019-05-05,NA,peak,sweetbriargrass_2019_05_05_120007.jpg,NA
sweetbriargrass,rising,transition_50,2017-04-02,NA,peak,sweetbriargrass_2017_04_02_120007.jpg,NA
sweetbriargrass,falling,transition_10,2016-08-21,NA,senesced,sweetbriargrass_2016_08_21_120007.jpg,NA
sweetbriargrass,falling,transition_10,2016-12-10,NA,senesced,sweetbriargrass_2016_12_10_120006.jpg,NA
sweetbriargrass,falling,transition_10,2019-12-23,NA,senesced,sweetbriargrass_2019_12_23_120007.jpg,NA
sweetbriargrass,falling,transition_25,2016-08-18,NA,senescing,sweetbriargrass_2016_08_18_120007.jpg,NA
sweetbriargrass,falling,transition_50,2017-08-19,NA,senescing,sweetbriargrass_2017_08_19_120007.jpg,NA
sweetbriargrass,falling,transition_50,2018-08-12,NA,senescing,sweetbriargrass_2018_08_12_120006.jpg,NA
turkeypointenf02,rising,transition_10,2012-05-18,NA,growing,turkeypointenf02_2012_05_18_120131.jpg,NA
turkeypointenf02,rising,transition_10,2014-05-18,NA,growing,turkeypointenf02_2014_05_18_120129.jpg,NA
turkeypointenf02,rising,transition_25,2017-06-05,NA,growing,turkeypointenf02_2017_06_05_120129.jpg,NA
turkeypointenf02,rising,transition_50,2013-08-06,NA,peak,turkeypointenf02_2013_08_06_120130.jpg,NA
turkeypointenf02,rising,transition_50,2015-08-31,NA,peak,turkeypointenf02_2015_08_31_120129.jpg,NA
turkeypointenf02,rising,transition_50,2019-09-08,NA,peak,turkeypointenf02_2019_09_08_120130.jpg,NA
turkeypointenf02,falling,transition_10,2016-03-07,NA,senesced,turkeypointenf02_2016_03_07_120129.jpg,NA
turkeypointenf02,falling,transition_10,2013-12-31,NA,senesced,turkeypointenf02_2013_12_31_110128.jpg,NA
turkeypointenf02,falling,transition_10,2017-01-25,NA,senesced,turkeypointenf02_2017_01_25_120129.jpg,NA
turkeypointenf02,falling,transition_50,2017-09-20,NA,senescing,turkeypointenf02_2017_09_20_113129.jpg,NA
turkeypointenf02,falling,transition_50,2012-09-23,NA,senescing,turkeypointenf02_2012_09_23_120131.jpg,NA
turkeypointenf02,falling,transition_25,2013-09-27,NA,senescing,turkeypointenf02_2013_09_27_120130.jpg,NA
twitchell,rising,transition_10,2015-05-04,NA,growing,twitchell_2015_05_04_114500.jpg,NA
twitchell,rising,transition_10,2016-05-27,NA,growing,twitchell_2016_05_27_114500.jpg,NA
twitchell,rising,transition_25,2012-07-06,NA,growing,twitchell_2012_07_06_114500.jpg,NA
twitchell,rising,transition_50,2012-09-09,NA,peak,twitchell_2012_09_09_114500.jpg,NA
twitchell,rising,transition_50,2015-07-22,NA,peak,twitchell_2015_07_22_114500.jpg,NA
twitchell,rising,transition_50,2012-09-18,NA,peak,twitchell_2012_09_18_114500.jpg,NA
twitchell,falling,transition_10,2015-12-20,NA,senesced,twitchell_2015_12_20_114500.jpg,NA
twitchell,falling,transition_10,2015-03-11,NA,senesced,twitchell_2015_03_11_114500.jpg,NA
twitchell,falling,transition_10,2013-11-19,NA,senesced,twitchell_2013_11_19_114500.jpg,NA
twitchell,falling,transition_50,2013-09-02,NA,senescing,twitchell_2013_09_02_114500.jpg,NA
twitchell,falling,transition_50,2012-10-29,NA,senescing,twitchell_2012_10_29_114500.jpg,NA
twitchell,falling,transition_50,2015-08-31,NA,senescing,twitchell_2015_08_31_114500.jpg,NA
twitchellalfalfa,rising,transition_10,2014-02-08,NA,growing,twitchellalfalfa_2014_02_08_114500.jpg,NA
twitchellalfalfa,rising,transition_25,2014-03-06,NA,growing,twitchellalfalfa_2014_03_06_114500.jpg,NA
twitchellalfalfa,rising,transition_10,2015-01-20,NA,growing,twitchellalfalfa_2015_01_20_114500.jpg,NA
twitchellalfalfa,rising,transition_50,2014-10-03,NA,peak,twitchellalfalfa_2014_10_03_114500.jpg,NA
twitchellalfalfa,rising,transition_50,2016-06-15,NA,peak,twitchellalfalfa_2016_06_15_114500.jpg,NA
twitchellalfalfa,rising,transition_50,2014-06-06,NA,peak,twitchellalfalfa_2014_06_06_114500.jpg,NA
twitchellalfalfa,falling,transition_10,2013-12-28,NA,senesced,twitchellalfalfa_2013_12_28_114500.jpg,NA
twitchellalfalfa,falling,transition_10,2015-07-09,NA,senesced,twitchellalfalfa_2015_07_09_114500.jpg,NA
twitchellalfalfa,falling,transition_10,2014-01-09,NA,senesced,twitchellalfalfa_2014_01_09_114500.jpg,NA
twitchellalfalfa,falling,transition_50,2014-08-26,NA,senescing,twitchellalfalfa_2014_08_26_114500.jpg,NA
twitchellalfalfa,falling,transition_50,2013-11-18,NA,senescing,twitchellalfalfa_2013_11_18_114500.jpg,NA
twitchellalfalfa,falling,transition_25,2015-11-15,TRUE,senescing,twitchellalfalfa_2015_11_15_114500.jpg,NA
tworfaa,rising,transition_25,2018-11-12,NA,growing,tworfaa_2018_11_12_115806.jpg,NA
tworfaa,rising,transition_10,2018-08-19,NA,growing,tworfaa_2018_08_19_115805.jpg,NA
tworfaa,rising,transition_10,2020-03-31,NA,growing,tworfaa_2020_03_31_115806.jpg,NA
tworfaa,rising,transition_50,2018-09-07,NA,peak,tworfaa_2018_09_07_115806.jpg,NA
tworfaa,rising,transition_50,2018-12-13,NA,peak,tworfaa_2018_12_13_115805.jpg,NA
tworfaa,rising,transition_50,2019-06-01,NA,peak,tworfaa_2019_06_01_115806.jpg,NA
tworfaa,falling,transition_10,2018-10-23,NA,senesced,tworfaa_2018_10_23_115807.jpg,NA
tworfaa,falling,transition_10,2020-02-18,NA,senesced,tworfaa_2020_02_18_115805.jpg,NA
tworfaa,falling,transition_10,2019-09-09,NA,senesced,tworfaa_2019_09_09_115806.jpg,NA
tworfaa,falling,transition_25,2019-08-05,NA,senescing,tworfaa_2019_08_05_115807.jpg,NA
tworfaa,falling,transition_25,2019-03-24,NA,senescing,tworfaa_2019_03_24_115806.jpg,NA
tworfaa,falling,transition_50,2019-08-01,NA,senescing,tworfaa_2019_08_01_115806.jpg,NA
tworfpr,rising,transition_25,2019-03-25,NA,growing,tworfpr_2019_03_25_115705.jpg,NA
tworfpr,rising,transition_25,2018-06-24,TRUE,growing,tworfpr_2018_06_24_115707.jpg,NA
tworfpr,rising,transition_10,2019-03-19,NA,growing,tworfpr_2019_03_19_115706.jpg,NA
tworfpr,rising,transition_50,2018-09-30,NA,peak,tworfpr_2018_09_30_115707.jpg,NA
tworfpr,rising,transition_50,2018-08-07,NA,peak,tworfpr_2018_08_07_115705.jpg,NA
tworfpr,rising,transition_50,2018-09-04,NA,peak,tworfpr_2018_09_04_115705.jpg,NA
tworfpr,falling,transition_10,2019-12-09,NA,senesced,tworfpr_2019_12_09_115705.jpg,NA
tworfpr,falling,transition_10,2019-12-21,NA,senesced,tworfpr_2019_12_21_115705.jpg,NA
tworfpr,falling,transition_10,2020-01-25,NA,senesced,tworfpr_2020_01_25_115706.jpg,NA
tworfpr,falling,transition_50,2019-10-10,NA,senescing,tworfpr_2019_10_10_115705.jpg,NA
tworfpr,falling,transition_50,2019-10-26,NA,senescing,tworfpr_2019_10_26_115707.jpg,NA
tworfpr,falling,transition_50,2019-10-20,NA,senescing,tworfpr_2019_10_20_115706.jpg,NA
uiefmaize,rising,transition_10,2014-05-22,TRUE,growing,uiefmaize_2014_05_22_120000.jpg,NA
uiefmaize,rising,transition_10,2019-05-31,NA,growing,uiefmaize_2019_05_31_120001.jpg,NA
uiefmaize,rising,transition_25,2019-06-19,NA,growing,uiefmaize_2019_06_19_120001.jpg,NA
uiefmaize,rising,transition_50,2019-08-04,NA,peak,uiefmaize_2019_08_04_120001.jpg,NA
uiefmaize,rising,transition_50,2010-07-17,NA,peak,uiefmaize_2010_07_17_113006.jpg,NA
uiefmaize,rising,transition_50,2010-08-19,NA,peak,uiefmaize_2010_08_19_113015.jpg,NA
uiefmaize,falling,transition_10,2017-05-02,NA,senesced,uiefmaize_2017_05_02_120000.jpg,NA
uiefmaize,falling,transition_10,2013-12-23,NA,senesced,uiefmaize_2013_12_23_120000.jpg,NA
uiefmaize,falling,transition_10,2012-02-18,NA,senesced,uiefmaize_2012_02_18_113124.jpg,NA
uiefmaize,falling,transition_25,2010-09-21,NA,senescing,uiefmaize_2010_09_21_113105.jpg,NA
uiefmaize,falling,transition_50,2011-08-31,NA,senescing,uiefmaize_2011_08_31_113941.jpg,NA
uiefmaize,falling,transition_25,2012-09-30,NA,senescing,uiefmaize_2012_09_30_120001.jpg,NA
uiefmiscanthus,rising,transition_25,2015-05-16,NA,growing,uiefmiscanthus_2015_05_16_120000.jpg,NA
uiefmiscanthus,rising,transition_25,2018-05-20,NA,growing,uiefmiscanthus_2018_05_20_120001.jpg,NA
uiefmiscanthus,rising,transition_10,2010-06-03,TRUE,growing,uiefmiscanthus_2010_06_03_122340.jpg,NA
uiefmiscanthus,rising,transition_50,2017-09-16,NA,peak,uiefmiscanthus_2017_09_16_120000.jpg,NA
uiefmiscanthus,rising,transition_50,2012-09-27,NA,peak,uiefmiscanthus_2012_09_27_120000.jpg,NA
uiefmiscanthus,rising,transition_50,2011-08-14,NA,peak,uiefmiscanthus_2011_08_14_113753.jpg,NA
uiefmiscanthus,falling,transition_10,2010-05-02,NA,senesced,uiefmiscanthus_2010_05_02_122312.jpg,NA
uiefmiscanthus,falling,transition_10,2019-01-24,NA,senesced,uiefmiscanthus_2019_01_24_120001.jpg,NA
uiefmiscanthus,falling,transition_10,2012-12-16,NA,senesced,uiefmiscanthus_2012_12_16_120000.jpg,NA
uiefmiscanthus,falling,transition_25,2014-10-28,TRUE,senescing,uiefmiscanthus_2014_10_28_120000.jpg,NA
uiefmiscanthus,falling,transition_50,2012-10-17,NA,senescing,uiefmiscanthus_2012_10_17_120000.jpg,NA
uiefmiscanthus,falling,transition_25,2009-10-04,NA,senescing,uiefmiscanthus_2009_10_04_122120.jpg,NA
uiefswitchgrass,rising,transition_25,2018-06-05,NA,growing,uiefswitchgrass_2018_06_05_122831.jpg,NA
uiefswitchgrass,rising,transition_25,2016-04-25,NA,growing,uiefswitchgrass_2016_04_25_120000.jpg,NA
uiefswitchgrass,rising,transition_25,2016-04-23,TRUE,growing,uiefswitchgrass_2016_04_23_120000.jpg,NA
uiefswitchgrass,rising,transition_50,2013-07-15,NA,peak,uiefswitchgrass_2013_07_15_120001.jpg,NA
uiefswitchgrass,rising,transition_50,2012-08-27,NA,peak,uiefswitchgrass_2012_08_27_120000.jpg,NA
uiefswitchgrass,rising,transition_50,2009-07-27,NA,peak,uiefswitchgrass_2009_07_27_121846.jpg,NA
uiefswitchgrass,falling,transition_10,2018-03-07,NA,senesced,uiefswitchgrass_2018_03_07_120001.jpg,NA
uiefswitchgrass,falling,transition_10,2010-01-26,NA,senesced,uiefswitchgrass_2010_01_26_122138.jpg,NA
uiefswitchgrass,falling,transition_10,2015-02-01,NA,senesced,uiefswitchgrass_2015_02_01_120000.jpg,NA
uiefswitchgrass,falling,transition_50,2013-09-20,NA,senescing,uiefswitchgrass_2013_09_20_120000.jpg,NA
uiefswitchgrass,falling,transition_25,2012-10-07,NA,senescing,uiefswitchgrass_2012_10_07_120000.jpg,NA
uiefswitchgrass,falling,transition_50,2017-09-17,NA,senescing,uiefswitchgrass_2017_09_17_120000.jpg,NA
wolfesneckfarm,rising,transition_10,2020-04-07,NA,growing,wolfesneckfarm_2020_04_07_122905.jpg,NA
wolfesneckfarm,rising,transition_25,2017-04-26,NA,growing,wolfesneckfarm_2017_04_26_115905.jpg,NA
wolfesneckfarm,rising,transition_25,2020-04-26,NA,growing,wolfesneckfarm_2020_04_26_115905.jpg,NA
wolfesneckfarm,rising,transition_50,2017-05-04,NA,peak,wolfesneckfarm_2017_05_04_115905.jpg,NA
wolfesneckfarm,rising,transition_50,2018-05-19,NA,peak,wolfesneckfarm_2018_05_19_115905.jpg,NA
wolfesneckfarm,rising,transition_50,2018-08-02,NA,peak,wolfesneckfarm_2018_08_02_115905.jpg,NA
wolfesneckfarm,falling,transition_10,2020-01-08,NA,senesced,wolfesneckfarm_2020_01_08_115905.jpg,NA
wolfesneckfarm,falling,transition_10,2020-01-28,NA,senesced,wolfesneckfarm_2020_01_28_115905.jpg,NA
wolfesneckfarm,falling,transition_10,2020-01-25,NA,senesced,wolfesneckfarm_2020_01_25_115905.jpg,NA
wolfesneckfarm,falling,transition_50,2017-07-01,NA,senescing,wolfesneckfarm_2017_07_01_055905.jpg,NA
wolfesneckfarm,falling,transition_25,2019-11-05,NA,senescing,wolfesneckfarm_2019_11_05_115905.jpg,NA
wolfesneckfarm,falling,transition_25,2017-07-05,NA,senescing,wolfesneckfarm_2017_07_05_115905.jpg,NA
